OYO 9382 Aashiyana Paradise,"Sector 57, Near Artemis Hospital, Gurgaon","672
",New
OYO 11556 Om Guest house,"Sector-39, Gurgaon","723
",New
OYO 6574 Sector 44,"Behind DPS, Sector 45, Gurgaon","729
",4.3
OYO 9299 DLF Phase 4,"DLF Phase 1, Gurgaon","740
",4.3
OYO 12534 Bud Rooms,"sector 51, Opp Amity Int. School, Gurgaon","750
",4.3
OYO 8110 Nstay 31,"Near Jharsa Chowk Gurgaon, Sector-31, Gurgaon","750
",4.3
OYO 12314 Hotel City View,"Opp. Wazirabad Petrol pump, Sector 57, Shushant Lok-3, Gurugram, Gurgaon","750
",3.9
OYO 10581 DLF Phase 3,"V block, DLF phase 3, Gurgaon","750
",3.9
OYO 10071 Sector 44,"Sector 45, Gurgaon","750
",4.5
OYO 8337 DLF Phase 4,"Inside Garden Villas Apartment, DLF Phase 4, Gurgaon","750
",4.5
OYO 6558 SD Royal Inn,"DLF Phase1, Near Silver Oaks, Gurgaon","702
",4.5
OYO 4228 Heritage Regency,"Near Jain Hospital, Sector 46, Gurgaon","700
",4.5
OYO 12032 Eshnaya,"601/38, Gurgaon","708
",4.4
OYO 677 Hotel NK Residency,"Behind OBC Bank , Sector 45, Gurgaon","738
",4.4
OYO 6812 Aruma Residency,"Opp. Ardee City Gate-3, Sector 52, Gurgaon","750
",4.5
OYO 7526 near Artemis Hospital,"Sector 45, Gate No. 2, Gurgaon","750
",4.5
OYO 8849 Pacific Inn,"Behind DPS, Sector 45 , Gurgaon","750
",New
OYO 10119 Sector 31,"Sector 31, Gurgaon","750
",4.3
OYO 10057 Hotel Laksh Residency,"South City 1, Behind Signature Towers, Gurgaon","750
",4.3
OYO 11911 Go rooms,"sector 45, Gurgaon","750
",4.2
OYO 8536 Azad Square,"Opp. MCG Office, Sector 39, Gurgaon","750
",New
OYO 6602 Home Stay Jannat Residency,"Sector 38, Gurgaon","750
",New
OYO 10020 Aruma Residency,"Sector 42, Plot 654, Gurgaon","750
",4.6
OYO 12194 JM Residency,"1639A Sector 46, Gurgaon","750
",4.6
OYO 302 Maple Green,"Near Shakti Peeth Mandir, Part 1, Gurgaon","752
",4.6
OYO 567 Hotel Lime Tree Hospitality,"1991, Opposite Ramada Hotel, Sector 45, Gurgaon","754
",4.6
OYO 8261 near Artemis Hospital,"Sector 45, Gurgaon","760
",4.2
OYO 11434 Shweta INN,"Q Block, South City I, Gurgaon","762
",4.2
OYO 11559 Sai Villa,"100-P, South City 1, Sector 41, Gurgaon","764
",4.4
OYO 6495 Hotel Eden Greens,"Near Shakti Peeth Temple, Sector 41, Gurgaon","769
",4.4
OYO 9012 Hotel Dream View,"Near Axis Bank ATM, Rajiv Colony, Gurgaon","750
",4.0
OYO 10250 Elevate Residency,"Golf Course Road, Sector 54, near Vatika Towers, Suncity, Sector 54, Gurgaon","750
",4.0
OYO 10584 Hotel Just Stay,"Heritage City, Sector 25, Gurgaon","750
",4.7
OYO 8914 Hotel Ambrosia,"Near Community Centre, Sector 47, Gurgaon","750
",4.7
OYO 13051 Shanti Villa,"4P, sector 41, Near Shakti Peeth Mandir, Gurgaon","753
",4.3
OYO 10889 Hotel Green Residency,"Sector 39, Near Unitech Cyber Park, Gurgaon","757
",4.3
OYO 10171 Hotel Krishna Inn,"Golf Course Road, Block F, DLF Phase 1, Sector 26A, Gurgaon","762
",New
OYO 12763 KD Residency,"222, Near Bhakhtawar Chowk, Gurgaon","763
",4.5
OYO 9994 Summer Homez,"Near Huda Metro Station, Gurgaon","767
",4.5
OYO 11383 Hotel Go Rooms,"Saraswati Kunj, Golf Course Road, Gurgaon","772
",New
OYO 6895 Hotel Cybercity Rooms & Suites,"Near Shani Dev Mandir , DLF Phase 3, Gurgaon","778
",New
OYO 9298 Hotel Sands Inn,"Near HUDA Market, Sector 56, Gurgaon","782
",New
OYO 8451 Shivam Residencies,"Near Arjun Marg Shopping Complex, DLF Phase 1, Gurgaon","784
",4.2
OYO 2797 Hotel Shalom Residency,"Near Jalsa Restaurant & Union Bank (Sec 27 branch), Gurgaon","785
",4.2
OYO 7530 Sector 57,"Sector 57, Gurgaon","805
",4.2
OYO Flagship 533 Near Guru Dronacharya,"S Block, DLF Phase 3, Gurgaon","841
",4.2
OYO 8240 Golden Park Palam Vihar,"Near Ansal Corporate Plaza, Palam Vihar Road, Gurgaon","853
",4.2
OYO 11656 Shivam Residencies,"Nathupur Road , Gurgaon","855
",4.2
OYO 6575 Shivaay Residency,"Near Fauji Dhabha, Sector 54, Golf Course Road, Gurgaon","856
",4.1
OYO 8971 Sector 45,"Sector 45, Gurgaon","857
",4.1
OYO 9380 near Artemis Hospital,"Sector 52, Opposite Artemis Hospital, Gurgaon","781
",4.4
OYO 12074 Emaar Residency,"334, sector 45, Gurgaon","783
",4.4
OYO 309 Hotel HKS Residency,"Near Mayom Hospital, South City-1, Gurgaon","784
",4.4
OYO 9587 The Royal Crowne,"near I Lodge, South City 1, Gurgaon","795
",4.4
OYO 10025 Hotel City Flora Inn,"Sector 20, Gurugram, Gurgaon","817
",4.3
OYO Flagship 532 Sikanderpur Metro Station,"Kusum Marg, DLF Phase 1, Sector 26, Gurgaon","844
",4.3
OYO 405 near Artemis Hospital,"Near Ardee City Gate-3, Sector 52, Gurgaon","855
",4.6
OYO 9581 Green Residency,"sector-47, Near Bakhtawar Chowk, Sohna Road, Gurgaon","855
",4.6
OYO 2245 Sector 21,"Sector 21, Gurgaon","856
",New
OYO 8947 Hotel Vedanta,"Behind Medanta Hospital, Sector 38, Gurgaon","857
",4.5
OYO 1639 Hotel Anand Hospitalities,"Sector 56, Gurgaon","857
",New
OYO 11606 Hotel Diplomat Residency,"Sector-38, Near Medanta, Gurgaon","873
",New
OYO 10965 Emblem Hotel,"Khandsa, Opp. Sector 10A, Near Hero Honda Chowk, Gurgaon","876
",4.4
OYO 6835 Green Residency,"Sector 31, Gurgaon","879
",4.4
OYO 5528 DLF Phase 4,"Near Sushant Lok Police Station, Sushant Lok Phase 1, Gurgaon","880
",4.4
OYO Flagship 441 Medanta,"P Block, Sector 38, Gurgaon","886
",4.4
OYO 11600 Hotel Cosy Tree,"V34/7, DLF Phase 3, Gurgaon","894
",4.1
OYO 10928 Krishna Kunj,"Sector 45, Gurgaon","895
",4.1
OYO 9024 Sector 31,"Near Medanta, Sector 31 Market, Gurgaon.","911
",4.5
OYO 6589 Shubhdeep Aashiyana,"DLF Phase 2, Gurgaon","922
",4.5
OYO 389 Hotel Vaishnoi Inn,"Near Pushpanjali Hospital, Civil Lines, Gurgaon","868
",4.5
OYO 4814 Nstay 46,"Behind Amity International School, Sector 46, Gurgaon","874
",4.5
OYO 9664 Sector 48,"Vipul World, Sector - 48, Gurgaon","876
",New
OYO 10585 Hotel Shubhdeep Aashiyana 2,"DLF Phase 2, Sector 25, Gurgaon","880
",4.8
OYO 301 Hotel Mulberry Retreat,"Sector- 57, Gurgaon","883
",4.8
OYO 9899 Hotel Palm Tree,"Palam Vihar, Gurgaon","891
",New
OYO 8317 Sector 31,"Near Jharsa Chowk, Sector 31, Gurgaon","895
",4.6
OYO 8927 US Executive Suites,"Behind LIC Building, Dayanand Colony, Gurgaon","906
",4.6
OYO 3662 Galaxxy Inn,"Plot No. J-4 - 22, DLF Phase - II, Gurgaon","911
",4.5
OYO Flagship 5912 Premium Near Sikanderpur,"DLF Phase 1, Kusum Marg, Sector 26, Gurgaon","923
",4.5
OYO 6603 Hotel Green Residency 2,"Sector 31, Jharsa Road, Gurgaon","924
",New
OYO 10877 Hotel R K Residency,"Behind Bikaner Mishthan Bhandar, Gurgaon","939
",New
OYO 9612 Hotel Royal Ramiro,"Near Basement market, U block, Gurgaon","961
",4.5
OYO 306 Hotel Staayy Inn,"Sector 27, Gurgaon","964
",4.5
OYO 11044 Hotel Tulip Suites,"Nathupur Rd, Nathupur, Sector 24, Gurgaon","973
",4.5
OYO 11004 Heritage India Residency,"Near Artemis Hospital, Ardee City Gate No 3, Gurgaon","978
",4.5
OYO Flagship 516 Unitech Cyber Park,"Sector 46, Gurgaon",999,4.5
OYO 386 Hotel Lotus Panache,"84, Behind Bata Building, Near MDI, Sector-17A, Gurgaon",999,4.5
OYO Flagship 520 MG Road Metro Station,"L Block, DLF Phase 2, Gurgaon",999,4.5
OYO 9176 Aambson View,"Akashneem Marg, Gurgaon",999,4.5
OYO 10200 Hotel The Aroma Residency,"Plot 18 Huda Sector 47, Gurgaon","925
",4.2
OYO 9663 Hotel Shivam Residencies 1,"Arjun Marg Golf Course road, Gurgaon","946
",4.2
OYO 11451 Hotel Auston,"Sector 17C, Gurgaon","964
",4.5
OYO 10968 Hotel Almati 1,"DLF Phase 3, Near Shani Mandir, Gurgaon","967
",4.5
OYO 10748 Waves Guest House,"Old Delhi Rd, Opp. Payal Cinema, Near Atul Kataria Chowk, Sector 14,, Gurgaon","974
",4.2
OYO 9603 Sector 17,"Sector 17C, Gurgaon","991
",4.2
OYO 12471 SKS PREMIUM,"C Block, sushant lok-1, Near Vyapar Kendra Market, Gurgaon",999,4.5
OYO 6608 Sector 56,"Sector 56, Gurgaon",999,4.5
OYO 8822 Sector 31,"LIG Colony, Sector 31, Gurgaon",999,4.3
OYO 11381 Welcome Residency,"B284, Sushant Lok 1, Gurgaon",999,4.3
OYO 2482 K V Complex,"Behind Cyber City - DLF Phase 3, Gurgaon",999,New
OYO Flagship 423 Artemis Hospital,"H Block, Sushant Lok 3, Gurgaon",999,New
OYO 8465 near Sahara Mall,"Akashneem Marg, DLF Phase 2, Gurgaon",999,4.4
OYO 532 Hotel Alpine Park,"DLF phase 2, Gurgaon",999,4.4
OYO 8332 Branson Villa,"Plot No. 463, Sector 42, Gurgaon",999,4.4
OYO 6540 Tirupati Residency,"Sushant Lok 1 Near Paras Hospital, Gurgaon",999,4.4
OYO 9947 Ashiana Guest House,"K block, South City 1, Gurgaon",999,4.7
OYO 338 New Paradise,"Near Vishwas School, Sector 46, Gurgaon",999,4.7
OYO 429 Hotel Shubhdeep Ashiyana,"DLF Phase 2, Gurgaon",999,4.2
OYO 5919 near MG Road Metro Station,"DLF-II, Gurgaon",999,4.2
OYO 544 Hotel Rama Residency,"N 2-1, Near DLF Sqaure Building, Jacranda Marg, DLF Phase 2, Gurgaon",999,4.6
OYO 9300 Hotel Sufyan,"Arjun Marg Shopping Mall, Gurgaon",999,4.6
OYO 12477 DLF Phase 2,"M Block , Dlf Phase-2 , Near Nestle Tower  NH-8, Gurgaon",999,4.3
OYO 531 Hotel Cyber Inn,"Near Lotus Hospital, Prem Nagar, Gurgaon",999,4.3
OYO 6539 Home Stay Laxmi Villa,"Sohna Road, Sector - 49, Gurgaon",999,New
OYO 10257 Hotel Lotus Park,"Sector 55, Near Golf Course Road, Gurgaon",999,4.6
OYO 9997 Sohna Road,"Malibu Town, Sector 47, Gurugram, Haryana 122018, India, Gurgaon",999,4.6
OYO 326 Hotel Shubhdeep Aashiyana,"Near Delhi Public School, DLF Phase 2, Gurgaon",999,4.5
OYO 2384 Hotel Epic Inn,"Sector 49, Gurgaon",999,4.5
OYO Flagship 757 Sector 57,"Sector 57, Gurgaon",999,3.9
