OYO 9150 Hotel Tourist Palace,"Mahipalpur, Delhi","730
",New
OYO 10032 Dwarka,"sector 7, Delhi","784
",New
OYO 12738 Hotel Diamond,"Road 3, Mahipalpur Extension, Delhi","793
",4.4
OYO 11312 Hotel Aero Capitol,"Road Number 4, Delhi","801
",4.4
OYO 13455 Rama Krishna Hotel,"NH 8, Mahipalpur Extension, New Delhi, Delhi","818
",4.4
OYO 10274 Hotel Aamara,"Block A road no 4 street no 9 Mahipalpur Ext, Delhi","844
",4.4
OYO 8497 near Delhi Airport,"Near Airport, Mahipalpur, Delhi","856
",4.7
OYO 8404 Hotel Aerofly,"Near Airport, Mahipalpur, Delhi","856
",4.7
OYO 11952 Hotel Royal India,"Lajwanti Garden, Janakpuri, Delhi","856
",4.3
OYO 828 Airport Delhi,"Gali No 3 A-Block Mahipalpur Extension, Mahipalpur Village, Mahipalpur, Delhi","858
",4.3
OYO 11852 Hotel Aerostay Inn,"Near Mata Chawk, Mahipalpur, , Delhi","765
",4.8
OYO 7353 Mahipalpur,"Near Mahipalpur Bypass, Delhi","744
",4.8
OYO 11593 Hotel Aman Guest House,"DB Gupta Road, Pahargan, Delhi","856
",3.7
OYO 5334 Hotel Jindal Palace,"Near Prem Motor Showroom, Adjoining Vasantkunj Road, Delhi","795
",3.7
OYO 11504 N D Star Residency,"Near Mata Chowk, Mahipalpur, Delhi","811
",4.3
OYO 11405 Hotel Tej Palace,"Gali Number 2, Block A, Mahipalpur , Delhi","822
",4.3
OYO 13107 Westend Residency,"Western Green, Main Road, Rangpuri, , Delhi","856
",4.4
OYO 10439 Ashoka Palace,"C-360/361, Ramphal Chowk, Sector 7 Dwarka, Delhi","856
",4.4
OYO 8968 Hotel Le Comfort,"Vasant Kunj Bypass, Mahipalpur, Delhi","856
",3.7
OYO 9669 Hotel Ark of Avalon,"Behind Maruti Showroom, Vasant Kunj Road, Mahipalpur, Delhi","857
",3.7
OYO 9147 Hotel Aerostay,"Vasant Kunj Road, Mahipalpur, Delhi","861
",New
OYO 10560 Hotel Sehrawat Inn,"Gali No. 3, Mahipalpur, Delhi","870
",New
OYO 8751 Hotel Modesty,"Near Mahipalpur Bypass Police Chowki, Mahipalpur, Delhi","885
",4.2
OYO 9534 Hotel Heights,"Sector-7, Dwarka, Delhi","891
",4.2
OYO 847 Hotel Sinon,"Road no. 6/7, Near Hotel Grand Shoba, Delhi","891
",4.2
OYO 11384 Hotel Diamond Blue,"Main, Vasant Kunj Road, Mahipalpur, Behind ICICI Bank, Mahipalpur Extension, Mahipalpur, Delhi","892
",4.2
OYO 11633 Hotel Sweet Palace,"Main Vasant Kunj Road, Mata Chowk, Mahipalpur, Delhi","896
",3.5
OYO 10048 Hotel Aditya Inn,"A-Block Mahipalpur Extension, New, Delhi","915
",3.5
OYO 12348 Hotel Aerosky Residency,"Plot no 19 ,  sector-9 , dwarka , near dwarka sector 9 metro station , Delhi","944
",4.0
OYO 9148 Hotel Global Inn,"Mahipalpur, Delhi","964
",4.0
OYO 7619 Hotel Smart Stay,"Near NH8, Aerocity, Delhi","868
",4.6
OYO 12171 Hotel Sky View,"Mahipalpur Extention, Delhi","878
",4.6
OYO 10558 Hotel Qlark,"Near Park Hospital, Vishnu Garden, Delhi","887
",4.4
OYO 9786 Hotel Aerolook,"Road No 04. Street No 06, Mahipalpur Ext., Block A, Mahipalpur Village, Mahipalpur, Delhi","891
",4.4
OYO 305 Hotel Rajdeep Palace,"Near Bank of Baroda, New Friends Colony, Delhi","892
",4.1
OYO 9029 Hotel Grand Shoba,"Near Mahipalpur Bypass Police Chowki, Mahipalpur Extension, Delhi","894
",4.1
OYO 11603 President Inn,"Meera Enclave, Near Park Hospital, Keshopur Mandi, New Chaukhandi, Vishnu Garden, Delhi","900
",4.2
OYO 8253 Golden Heights,"Plot No. C-1028A , Opposite Shri Makhan Sweet, Sector 07, Ramphal Chowk, Dwarka, Delhi","919
",4.2
OYO 7578 Hotel Luck Residency,"Near Airport, Mahipalpur, Delhi","964
",4.2
OYO 8462 Hotel Galaxy,"Near Airport, Mahipalpur, Delhi","969
",4.2
OYO 13026 The Curtis,"plot no 56 , village toganpur , sector -9 , dwarka , Delhi","972
",New
OYO 12732 Avalon Palace,"Opposite Arjun Camp, Mahipalpur Bypass Road, Delhi","990
",New
OYO 12503 Hotel Corner Point,"1st Floor, Gali no. 6, Arakashan Rd, Delhi",999,4.0
OYO 526 Hotel Mayesha Inn,"Near F-Block Bus Stop, Kirti Nagar, Delhi",999,4.0
OYO 10045 Hotel Pearl Residency,"Ramphal Chowk, Delhi",999,4.0
OYO 9046 Hotel Metro Star,"Near Jamia Co-Operative Bank, Jasola, Delhi",999,4.0
OYO 9030 Hotel Delhi Airport Plaza,"Near Vijaya Bank, Mahipalpur Extension, Delhi",999,4.6
OYO 2373 Hotel D inn,"Opp. Shiela Cinema, Delhi",999,4.6
OYO 3349 Hotel Anoop,"Plot No. 1566, Main Bazar, Delhi",999,3.4
OYO 6109 Le Grand,"Near RK Ashram Metro Station, Gali No 7, Delhi",999,3.4
OYO 11924 JP Residency,"F-639, Ramphal Chowk, Palam Extension, Dwarka, Delhi","986
",4.6
OYO 11340 Hotel Lakshmi Palace,"Gali No 4 A block, Mahipalpur, Delhi","992
",4.6
OYO Flagship 573 Paharganj NDLS,"Arakashan Road, Central Delhi, Delhi",999,4.8
OYO 9042 Hotel Jai Balaji,"Multani Dhanda, Paharganj, Delhi",999,4.8
OYO 7205 Golden Residency,"Main Mahiveer Enclave in front of Sulabh International Dabri Palam Road, Delhi",999,4.1
OYO Flagship 589 Dwarka,"Plot No.16, Pocket C8, Sector 17, Dwarka, Delhi",999,4.1
OYO 1660 Hotel Topaz,"Paharganj, Delhi",999,4.6
OYO 2599 Anantkoti Hotel,"Maidan Garhi Road, Chattarpur, Delhi",999,4.6
OYO 3919 Paharganj,"DB Gupta Road, Opposite Vijaya Bank, Paharganj, Delhi",999,4.2
OYO 5382 Hotel Elegant International,"Ajmal Khan Road, Karol Bagh, Delhi",999,4.2
OYO 5409 Mahipalpur,"Mahipalpur, Delhi",999,New
OYO 7684 Hotel Repose Villa,"Chuna Mandi, Pahar Ganj, Delhi",999,New
OYO 9726 Hotel Aura Palace Deluxe,"Sangtrashan, Pahar Ganj, Delhi",999,3.9
OYO 10795 Hotel RS Residency,"Gali number 4, Mahipalpur , Delhi",999,3.9
OYO 12190 Blue Umbrella,"Dhakka Main Road Kingsway Camp Gtb Nagar, Delhi",999,3.9
OYO 12673 Hotel Diplomat Regency,"UER II, Near shyam mandir pochanpur. Dwarka, Sector 23B, Delhi",999,3.9
OYO 3472 Hotel Rama Inn,"Near New Delhi Railway Station, Arakashan Road, Delhi",999,4.2
OYO 11972 Nirvana Residency,"Dwarka Sector 9., Delhi",999,4.2
OYO 4184 Hotel The RTS,"Road no 2, Mahipalpur, Delhi",999,4.4
OYO 512 Hotel Aman Inn,"Opp. The State Bank of India, Paharganj, Delhi",999,4.4
OYO 5410 Hotel Era Suites,"Mahipalpur Extension, Delhi",999,4.4
OYO 9146 Hotel Smart Palace,"Mahipalpur, Delhi",999,4.4
OYO 10557 Hotel Le Mount,"Street number 5, Mahipalpur , Delhi",999,4.6
OYO 11594 Hotel TVS,"Multani dhanda, Arakashan Road , Delhi",999,4.6
OYO 12419 Hotel Silver Shine,"Sangatrashan Chowk, Paharganj,, Delhi",999,4.2
OYO 12675 Hotel Star Inn,"Street no. 9, Road 4, Mahipalpur, Delhi",999,4.2
OYO 7655 Om Paradise Hotel,"Mahipalpur, Delhi",999,3.8
OYO 12191 Hotel Airlift,"Street - 2, Mahipalpur, New Delhi, Delhi",999,3.8
OYO 5494 Hotel Odeon Continental,"Paharganj, New Delhi, Delhi",999,4.2
OYO 319 Hotel RK Residency,"Near Metal Forging Bus Stop, Hari Nagar, Delhi",1201,4.2
OYO 12920 Hotel Nirmal Mahal,"Street Sangatrashan, Behind Vivek Hotel, Main Bazar, Delhi",1201,New
OYO 11505 Hotel Classic Park,"Corporation Bank, Main Vasant Kunj Road, Mahipalpur Village, Mahipalpur, Delhi",1201,New
OYO 12235 Hotel Bliss Continental,"Road - 4, street - 7, A block, Mahipalpur, Delhi",1201,4.1
OYO 524 Hotel Sun International,"Paharganj, Delhi",1201,4.1
OYO 2680 Hotel Presidency,"D.B. Gupta Road, Delhi",1201,4.1
OYO 2894 Hotel Guru Vas Inn,"Near New Delhi Railway Station, Paharganj, Delhi",1201,4.1
OYO 5795 Karol Bagh,"Opp. HDFC Bank, DB Gupta Road, Karol Bagh, Delhi",1201,4.4
OYO 714 Hotel De Plaza,"Near Airport, NH8 Main Road, Mahipalpur, Delhi",1201,4.4
OYO 9821 Hotel Leo Continental,"Gali Hari Mandir Marg, Delhi",1201,4.8
OYO 10750 Hotel Vivek,"Main Bazar Road, Delhi",1201,4.8
OYO 3196 Sapphire Inn Dx,"Near New Delhi Railway Station, Paharganj, Delhi",1201,4.0
OYO 8188 Vardhmaan Inn,"Near Chhapar Wala Chowk Nai Wala, Karol Bagh, Delhi",1201,4.0
OYO 6169 Hotel Prem Deluxe,"Near New Delhi Railway Station, Paharganj, Delhi",1201,4.3
OYO 1986 Hotel Heritage Home,"Near RK Ashram Metro Station, Pahar Ganj, Delhi",1201,4.3
OYO 2791 Hotel Arina Inn,"Near New Delhi Railway Station, Daryaganj, Delhi",1201,4.2
OYO 5696 R Continental,"Near Paharganj Police Station, Near Maharashtra Bhawan, Delhi",1201,4.2
OYO 6124 Lord Krishna Dx Inn,"Main Bazar, 6 Tooti Chowk, Delhi",1201,4.5
OYO 8967 Hotel Aeroporto,"Road No-2, Mahipalpur, Delhi",1201,4.5
OYO 10556 Hotel India International,"Nalwa St, Chuna Mandi, Delhi",1201,3.8
OYO 385 Hotel Mehra Residency,"Behind Vardhman Crown Mall, Dwarka, Delhi",1201,3.8
OYO 9019 Golden Park Kirti Nagar,"Near Wood Market (Mansarovar Garden) Bus Stop, Timber Market, Delhi",1201,New
OYO 8505 Hotel Ashu Palace,"Near Apra International, Karol Bagh, Delhi",1206,New
OYO 6408 Hotel Delhi Heart,"Near Gate No 1, Opposite Sheila Cinema, Delhi",1208,4.5
OYO 360 Hotel Manzil,"Near Sanjeevni Hospital, Jasola, Delhi",1222,4.5
OYO 10562 Paharganj,"DB Gupta Road, Paharganj, Delhi",1232,4.5
OYO 10223 Hotel Clouds 21,"Vasanth Kunj Road, Mahipalpur, Delhi",1237,4.5
OYO 7634 Hotel Delhi Continental,"Plot No. 8218-19, Arakashan Road, Delhi",1250,4.3
OYO 2041 Hotel Silver Land,"Near Ramphal Chowk, Sector 7, Dwarka, Delhi",1261,4.3
OYO 10960 Hotel Royal India,"Road no 32, Punjabi Bagh, Delhi",1278,4.1
OYO 10008 Hotel Golden Tree,"sector 12/A, Dwarka-45, Delhi",1285,4.1
OYO 13299 Hotel Blue Pearl,"Arakashan Road, Paharganj, Delhi",1201,4.0
OYO 5434 Hotel Delhi Delight,"Ahata Thakur Dass, Sarai Rohilla, Karol Bagh, Delhi",1207,4.0
OYO 8336 Hotel De Gold,"Plot No. 3505-06, Bank Street, Karol Bagh, Delhi",1210,4.3
OYO 580 Hotel Airport City,"Mahipalpur Extension, Delhi",1231,4.3
OYO 12519 Hotel Sun Palace,"T-2394, Faiz Road, Karol Bagh, Delhi",1232,4.3
OYO 6096 Hotel Maharani Palace,"Dariba Pan, Delhi",1237,4.3
OYO 2011 Apartment Tanish Residency,"Opposite Bal Bharti School, Dwarka, Delhi",1250,4.3
OYO 8933 Hotel CG International,"Near New Delhi Railway Station, Paharganj, Delhi",1274,4.3
OYO 5392 Hotel Raj,"Arakashan Road, Paharganj, Delhi",1283,4.4
OYO 11583 Hotel Prime View,"Main Chhatarpur Road, Aflatoon Market, Asola, Delhi",1285,4.4
OYO 11625 Cosy Tree,"Plot no 82, Jasola Vihar, Pocket-1, Delhi",1291,New
OYO 8534 Golden Park,"Opp. Shagun Jwellers, Pashchim Vihar, Delhi",1312,New
OYO 6264 Vishal Guest House,"Near Khanna Cinema, Paharganj, Delhi",1314,4.8
OYO 4883 Duke Hotel,"Near Red Fort, Delhi",1343,4.8
OYO 510 Hotel Chand Palace,"Near Sanjeevan Hospital, Paharganj, Delhi",1384,4.8
OYO 5533 Bafel Residency,"Near Gold Gym, Palam Extension, Delhi",1393,4.8
OYO 13235 The Golden Door,"GK 2, Near M block market, New Delhi, Delhi",1414,3.9
OYO 9273 Surya Palace,"Sector 7, Ramphal Chowk, Delhi",1425,3.9
OYO 11605 Hotel Aravali Inn,"Shanti Kunj Main, Masudpur Village, Sector D, Vasant Kunj, Delhi",1448,4.0
OYO 9155 Hotel Maya Cottage,"Arakashan Road, Ram Nagar, Delhi",1482,4.0
OYO 1987 Paharganj,"Paharganj, Delhi",1300,4.4
OYO 497 Hotel Welcome Palace,"Near Vaishno Devi Mandir, Arakashan Road, Paharganj, Delhi",1312,4.4
OYO 725 Hotel Aerodrome,"Mahipalpur, Delhi",1339,3.7
OYO 475 Hotel Garden View,"Near Gaffar Market, Karol Bagh, Delhi",1383,3.7
OYO 13541 Otani Hotel,"Padam Singh Road, Near Pizza Hut , Karol Bagh , Delhi",1389,New
OYO 476 Hotel Gera's,"Opp. Karnataka Bank, Kalkaji Branch, Delhi",1404,4.5
OYO 980 Hotel Ramhan,"Behind Patel Nagar Metro Station, East Patel Nagar, Delhi",1423,4.5
OYO 463 Hotel Metro View Inn,"Near Metro Pillar No.161, Delhi",1446,4.7
OYO 1824 Hotel Grand Peepal,"Karol Bagh, Delhi",1453,4.7
OYO 7844 Hotel Welcome Plaza,"Plot No. 15-A/53, W.E.A, Ajmal Khan Road, Karol Bagh, Delhi",1489,4.5
OYO 5265 Hauz khas Metro,"S Block, Panchsheel Park, Delhi",1494,New
OYO 369 Hotel The Lorenz,"Near SBI Intouch, Jasola, Jasola, Delhi",1499,New
OYO 5109 JK Hotel,"Opp. Rashmi Apartments, Pitampura, Delhi",1501,4.4
OYO 484 RTS Hotel,"NH8, Delhi",1515,4.4
OYO 5383 Hotel The Under Bridge,"Near Ashram Chowk , Maharani Bagh Road, Delhi",1573,4.4
OYO 12911 Velvet inn,"A-1/681-682, sector-6 , rohini , Delhi",1582,4.4
OYO 10559 Pitampura,"Saraswati Vihar, Pitampura, Delhi",1584,New
OYO Flagship 512 Deer Park,"B Block, Safdurjung Enclave, Delhi",1587,3.9
OYO 13052 Hotel Conclave Inn,"Nehru Enclave , Outer Ring Road, Delhi",1607,3.9
OYO 2082 Dwarka,"Opp. HP Petrol Pump, Dwarka, Delhi",1607,New
OYO 3559 Kalkaji,"Beside Bandhan Bank, Kalkaji Branch, Delhi",1496,4.3
OYO 9268 Hotel Arch,"Near IGI Airport, Mahipalpur, Delhi",1500,4.3
OYO 471 Hotel Sehej Continental,"Near State Bank Of India, Karol Bagh, Delhi",1513,4.8
OYO 4882 Hotel Golden Park,"Opp Vardhman Mall, Sector 7 Dwarka, Delhi",1528,4.8
OYO 8481 Le Tara Residency,"Sector 12B, Dwarka, Delhi",1576,4.2
OYO Flagship 555 Pitampura,"Rajdhani Enclave, Pitampura, Delhi",1582,4.2
OYO 5414 Home Stay South Plaza,"Near Kohinoor Mall, Greater Kailash-2, Delhi",1584,4.4
OYO 10937 Hotel Balsons Continental,"East Patel Nagar, Block 8, East Patel Nagar, Patel Nagar, Delhi",1607,4.4
OYO 464 Hotel Lotus Palace,"Near Gurudwara Road, Chittaranjan Park, Delhi",1607,4.3
OYO 9720 Home Stay Virat Residency,"Greater Kailash-II, Delhi",1607,4.3
OYO 738 Hotel Green Castle,"Kashmere Gate, Delhi",1607,New
OYO 632 Hotel JMD luxury home,"Near DPS Public School, Vasant Kunj, Delhi",1649,New
OYO 11352 Hotel Shanti Villa,"Nalwa Street , Chuna Mandi, Delhi",1675,4.0
OYO 443 Hotel Lohias,"Mahipalpur Extn, Near Airport, National Highway -8, Delhi",1714,4.0
OYO 2066 Vikaspuri,"Above More Grocery Store, Vikaspuri, Delhi",1714,4.0
OYO 1233 Hotel Bharat Palace,"Old Rajendra Nagar, Delhi",1724,4.0
OYO 1219 Malviya Nagar,"Near Hauz Khas Metro Station, Panchsheel Park South, Delhi",1728,3.9
OYO Flagship 749 Pitampura,"Pitampura, Delhi",1732,3.9
OYO 13338 Hotel Atithi,"East Of Kailash, Block F, East of Kailash, Delhi",1750,4.4
OYO Flagship 545 Rohini Pitampura,"Saraswati Vihar, Pitampura, Delhi",1778,4.4
OYO Flagship 592 Hauz Khas Village,"Safdarjung Enclave, Near N.C.C.Gate, Delhi",1637,3.9
OYO 11325 Hotel Superb,"Chuna Mandi, Paharganj, Delhi",1650,3.9
OYO 2705 Hotel Preet Palace,"Jangpura B, Delhi",1696,New
OYO 5270 Sam Hotel,"Greater Kailash-2, Delhi",1714,4.1
OYO 9761 Hotel Clark Heights,"1/1  New delhi , opposite metro pillar number 209, west patel nagar,, Delhi",1714,4.1
OYO 9266 Home Stay Kapoor Inn,"East Of Kailash, Delhi",1727,3.6
OYO Flagship 632 Kalkaji Mandir,"Kalkaji, Delhi",1730,3.6
OYO 2984 Hotel Sun City,"Near Cafe Tafri, Channa Market, Karol Bagh, Delhi",1737,4.2
OYO Flagship 494 East of Kailash,"Plot no. E-301, E Block, East of Kailash, Delhi, Delhi",1767,4.2
OYO 3594 Kamla Nagar,"Above Allahabad Bank, Opp. Parmarth Hospital, Delhi",1794,4.4
OYO 543 La Ola Boutique Hotel,"Opp. Sapna Cinema, East of Kailash, Delhi",1822,New
OYO 10824 Hotel Star Suites,"100 feet Road, Chattapur, Delhi",1822,New
OYO Flagship 556 North Campus,"Phase 2, Ashok Vihar, Delhi",1833,4.2
OYO Flagship 746 Bhikaji Cama Place,"Plot No. No.B-2/3, Africa Avenue Road, Delhi",1846,4.2
OYO 630 Hotel Innova Homes,"Safdarjung, Delhi",1909,4.2
OYO Flagship 504 Greater Kailash,"GK-2, Delhi",1923,4.2
OYO 12982 Hotel International Inn,"National Highway No. 8, Block RZ, Mahipalpur Village, Mahipalpur, , Delhi",1929,4.5
OYO 503 Hotel Comfort Zone,"Near Nehru Place, Delhi",1929,4.5
OYO 7304 Home Stay Jangpura,"Opp Kashmiri Park, Jangpura Extension, Delhi",1949,4.2
OYO 6845 The Grand Hotel,"Near Hyundai Showroom, Kailash Colony, Delhi",2002,4.2
OYO Townhouse 033 Siri Fort,"Siri Fort Rd, Sector 3, Sadiq Nagar, Delhi",1822,4.3
OYO 12148 Flyover INN,"4/29 A, Rishi Nagar, Pitampura, Delhi",1822,4.3
OYO 5378 South Paradise,"CR Park, Delhi",1841,3.8
OYO 12075 Hotel Regalia Retreat,"Hansraj Gupta Marg, Block E, Kailash Kunj, Greater Kailash, Delhi",1890,3.8
OYO 3865 Hotel Corporate Park,"Greater Kailash Enclave I, Delhi",1911,4.3
OYO 12219 Tryfenna,"Chaudhary Harsukh Marg, Green Park, Delhi",1929,4.3
OYO 8305 Blessings Inn,"Police Line Marg, Pitampura, Delhi",1929,New
OYO 2201 Hotel Royal Mirage,"Near Shakurbasti Railway Station, Rani Bagh, Delhi",1929,New
OYO 7394 SK Crown Park Naraina,"Naraina Vihar, Delhi",1987,4.0
OYO 7075 Hotel Oakland,"Near HDFC Bank Nehru Place, Nehru Enclave, Delhi",2010,4.0
OYO 10563 Hotel All Iz Well,"Main Bazar Road, Paharganj, Delhi",2020,New
OYO 367 Hotel Forest Green,"Near Gargi College, South Ex, Delhi",2036,New
OYO 12995 Hotel Delhi 37,"National Highway No. 8, Near I.G.I Domestic Airport,  Block RZ, Mahipalpur Village, Mahipalpur, , Delhi",2143,4.2
OYO Flagship 737 Paschim Vihar,"Pushkar Enclave, Paschim Vihar, Delhi",2160,4.2
OYO 448 Hotel Pals Inn,"Near Central Park, East Patel Nagar, Main Market, Delhi",2249,4.2
OYO 1801 Hotel Divine Inn,"New Friends colony, Delhi",2250,4.2
OYO 2357 Home Stay The Excellency,"Near Aurobindo College, Delhi",2287,4.3
OYO 2227 Hotel Chalet,"Near PVR Saket, Delhi",2330,4.3
OYO 9643 Hotel All Heavens,"Wazirpur Ring Road, Delhi",2411,New
OYO 12789 Hotel Aaron Castle,"Block A2, Africa Avenue road, Safdarjung Enclave, Delhi",2419,New
OYO 9999 Hotel Sea Heaven,"Paschim Vihar, New Delhi, Delhi",2036,New
OYO 183 Hotel Alpine Tree,"Under Mahipalpur Flyover, Mahipalpur Extension, Delhi",2036,4.4
OYO 9642 Hotel Mohan Vilaas,"Opp. Gurudwara, Nangli Poona, Delhi",2143,4.4
OYO 707 Hotel A-17,"Opp. Defence Colony, A Block Mosque, Delhi",2174,4.2
OYO 383 Hotel Divine Paradise,"New Friends Colony, Opposite Maharani Bagh, Delhi",2250,4.2
OYO 5915 Hotel Swagath,"Near Dominos, Malviya Nagar, Delhi",2258,4.2
OYO 411 Hotel Relaxinn,"Metro Pillar No. 162, Delhi",2324,4.2
OYO 2177 Hotel Jashn's inn,"Beside HDFC Bank, Jasola, Delhi",2399,4.0
OYO 712 Defence Colony,"Next to Medanta and Mahajan Imaging, Defence Colony, Delhi",2411,4.0
OYO 1670 Cotts Villa,"Near ILBS Hospital, Vasantkunj, Delhi",2422,4.3
OYO 551 Hotel York,"Near Rajiv Chowk Metro Station, Connaught Circus, Delhi",2437,New
OYO Townhouse 010 East of Kailash,"East Of Kailash, Delhi",2479,New
OYO Townhouse 015 Lajpat Nagar,"Lajpat Nagar - IV, Delhi",2560,3.6
OYO 518 Hotel Sundeep Inn,"Near Holy Angels Hospital, Vasant vihar, Delhi",2624,3.6
OYO 1089 Hotel SkyLink,"Near Bengali Sweets, Delhi",2662,3.6
OYO 9771 Hotel Glitz Westend Inn,"NH8, Adjoining Shiv Murti, Mahipalpur, Delhi",2679,3.6
OYO 11332 Hotel Daffodils Inn,"Inner Circle Near Rajiv Chowk Metro Station Gate No.5, Delhi",2799,New
OYO Townhouse 002 Green Park,"B Block, Safdarjung Enclave, Delhi",2799,4.7
OYO 1640 Almondz Hotel,"East Patel Nagar, Delhi",3161,4.7
OYO 6362 Tivoli Garden,"Near Chattarpur Mandir, Mehrauli, Chattarpur Road, Delhi",3824,4.6
OYO 8254 AP Holiday Inn,"Near Sec 15 ICICI Bank, Sector 15, Rohini, Delhi",2467,4.6
OYO 11071 Hotel Tisya,"Vardhman Market, Pitampura, Delhi",2486,4.1
OYO 5331 Zara Grand,"Near Green Park Metro Station, Green Park Extension, Delhi",2599,4.1
OYO 3921 Goodwill Hotel,"Hans Raj Gupta Marg, Delhi",2662,New
OYO 557 Hotel Lavish Inn,"Opp. Janta Market, Rajouri Garden, Delhi",2662,New
OYO 3841 Tivoli Grand,"Near Splash Water Park, Alipur, Delhi",2774,4.1
OYO 12464 Hotel C Pearls,"Above VISHAL MEGA MART, Metro Pillar no 511, Main Rohtak Road, Delhi",2799,4.1
OYO 5226 JHT,"Opp M- Block Market Gk 1, Greater Kailash 1, Delhi",3161,4.5
OYO 3438 Qutub Residency,"Near Aurobindo College, Adchini, Sri Aurbindo Marg, Delhi",3187,4.5
OYO 6596 Hotel Flight Path,"Near Airport T3, Mahipalpur, Delhi","808
",4.7
OYO 8969 Forever Holiday Hotel,"Near Maruti Suzuki Showroom, Mahipalpur Road, Delhi","856
",New
OYO 6720 Hotel Green Palace,"Near Makhan Sweets, Ramphal Chowk, Delhi","856
",New
OYO 9812 Kanchan Residency,"Sector 9, Dwarka, Delhi","856
",3.8
OYO 393 Hotel RK Grand Inn,"Near Peeragarhi Metro Station, Peeraghari Chowk, Delhi","873
",3.8
OYO 10381 Hotel Aerodrome Palace,"NH8, Mahipalpur , Delhi","887
",3.8
OYO 7781 Hotel Sai International,"Plot No. 7864, Arakashan Road, Paharganj, Delhi","964
",3.8
OYO 2902 Hotel Lal's Haveli,"Pahar Ganj, Delhi",999,4.4
OYO 2383 Hotel Siam International,"Karol Bagh, Delhi",999,4.4
OYO 3394 Hotel Centra Inn,"Near RK Ashram Metro Station, Nalwa Street, Delhi",999,4.3
OYO 9606 Hotel City Centre Inn,"Mathura Road,, Delhi",999,4.3
OYO 7292 Kamla Nagar,"Near Spark Mall, Kamla Nagar, Delhi","856
",3.6
OYO 10013 Mahipalpur,"Vasant Kunj Marg, Mahipalpur, Delhi","856
",3.6
OYO 9765 Hotel Royal Queen,"Channa Market, Delhi, Delhi","856
",3.7
OYO 8495 Royal Homes,"Near Saraswati Vihar Shopping Complex, Saraswati Vihar, Delhi","880
",3.7
OYO 6326 Hotel Shivam International,"Behind Dispensary Bus Stand, Delhi","949
",3.2
OYO 2874 Hotel Kundan Palace,"Near Jasola Sports Complex, Jasola, Delhi",999,3.2
OYO 1475 Hotel WaterFall,"Paschim Vihar, Delhi",999,New
OYO 9028 Hotel Blu Pebbles,"Road No. 1, Mahipalpur, Delhi",999,4.2
OYO 5206 Hotel Noble International,"Near New Delhi Railway Station, Paharganj, Delhi",999,4.2
OYO 7012 Hotel Blue Bell,"Near Auto Part Market, Karol Bagh, Delhi",999,New
OYO 6125 Udhav Palace,"Gali Hari Mandir, Delhi",999,New
OYO 2202 Hotel City Heights,"Near New Delhi Railway Station, Paharganj, Delhi",999,New
OYO 8265 The Olive Inn,"Near Channa Market Circle, Karol Bagh, Delhi",1201,3.7
OYO 6467 Kochar Plaza,"Near Liberty Cinema, Karol Bagh, Delhi",1201,3.7
OYO 7845 Hotel Orchid Garden,"Opp. Khalsa College, DB Gupta Road, Delhi",1201,3.7
OYO 12739 Mahesh Inn,"Ghee Mandi ( Near New Delhi Railway Station), Delhi",1201,3.7
OYO 517 Hotel Star View,"Near RK Ashram Metro Station, Delhi",1201,4.0
OYO 13301 Mayesha residency,"plot no 17, Dwarka Sector 9, Dwarka, Delhi",1201,4.0
OYO 10848 Hotel Geeson,"Pahar Ganj, Delhi",1232,4.7
OYO 6886 Hotel Gold Palace,"Near Manas Mandir, Karol Bagh, Delhi",1241,4.7
OYO 519 Hotel Golden Wings,"Near New Delhi Railway Station, Paharganj, Delhi",999,4.0
OYO 9762 Hotel Toronto,"Paharganj, Delhi",999,4.0
OYO 8479 Hotel Ambience,"Near Oriental Bank, Main Bazar, Krishna Market, Paharganj, Delhi",1201,New
OYO 5952 Hotel Classic,"Near RBL Bank, Karol Bagh, Delhi",1201,New
OYO 5943 TJS Grand,"Near Multilevel Parking, Arya Samaj Road, Delhi",1201,New
OYO 2626 Hotel Geetasaar,"Kaseru Walan, Paharganj, Delhi",1201,3.5
OYO 8352 Gera's Heritage,"Above Bank of Baroda, Kalkaji Branch, Delhi",1201,3.5
OYO 696 Hotel Euro Star International,"Plot No. A-27-1, Road 1, Mahipalpur, Delhi",1219,3.6
OYO 2553 Mahipalpur,"Near Hackers Office, Mahipalpur, Delhi",1237,3.6
OYO 9233 Hotel Cottage Lord krishna,"Main Bazar, 6 Tooti Chowk, Paharganj, Delhi",1259,New
OYO 11357 Karol Bagh,"Behind Bikanerwala, Delhi",1262,New
OYO 9269 Hotel The Cameron,"Jasola Vihar, Delhi",1286,New
OYO 5411 Hotel City Castle,"Arya Samaj Road, Karol Bagh, Delhi",1312,4.5
OYO 2407 Hotel Gera's M1,"Near Kotak Mahindara Bank, Kalkaji Branch, Delhi",1314,4.5
OYO 542 Home Stay Kalkaji,"Above ICICI Bank, Govindpuri Branch, Kalkaji, Delhi",1339,4.5
OYO 1908 Hotel Universe Inn,"Near Karol Bagh Metro Station, Karol Bagh, Delhi",1349,4.5
OYO 5985 Hotel Priya Palace,"Arya Nagar, Delhi",1349,3.8
OYO 3347 Home Stay Qutub Heights,"Near Mehruli Bus Stand, Mehrauli, Delhi",1387,3.8
OYO 1482 Hotel Gem 92,"Kalkaji, Delhi",1406,3.8
OYO 337 Hotel Anand,"Near Jessa Ram Hospital, Abdul Aziz Road, Karol Bagh, Delhi",1413,3.8
OYO 6189 Paharganj,"1B, Arakashan Road, Delhi",1274,4.6
OYO 5380 Hotel Nanak Residency,"Opp.Prasad Nagar Fire Station, Karol Bagh, Delhi",1286,4.6
OYO 2157 Hotel High 5 Land,"Near Hanuman Murti, Jhandewalan Metro Station, Karol Bagh, Delhi",1312,3.7
OYO 474 Hotel VM Residency,"New Delhi, Delhi",1339,3.7
OYO 2457 Hotel Zambala,"355/2 , Najafgarh Rd, Bijwasan, Delhi",1339,3.9
OYO 1665 Hotel Sehej Inn,"Near Liberty Cinema, Karol Bagh, Delhi",1349,3.9
OYO 3562 Hotel Kabli,"Near Ram Mandir Maszid Road, Jangpura, Delhi",1349,New
OYO 472 Hotel Sareen,"Behind Karnataka Bank, Kalkaji, Delhi",1393,New
OYO 11599 Hotel Hi Life,"Street No.-6 , Near New Delhi Station, Arakashan Road, Paharganj, Delhi",1408,4.2
OYO 6126 Hotel Today International Delhi,"DB Gupta Road, Delhi",1424,4.2
OYO 7135 Hotel Blue Sapphire,"Near Karol Bagh Police Station, Karol Bagh, Delhi",1431,New
OYO 4930 Home Stay EM Residency,"Opp. CNG Station Pul, Praladpur, Pul Pehlad Pur, Delhi",1450,New
OYO 6207 Hotel Baba Residency,"Near Lakshmi Narayan Mandir, Qutab Road, Ram Nagar, Street No.1, Delhi",1462,4.6
OYO 645 Hotel Tourist Deluxe,"Near Opp. Railway Staff Building, Qutab Road, Ram Nagar, Delhi",1462,4.6
OYO 2259 Mahipalpur,"Near Maruti Suzuki Showroom, Mahipalpur Road, Delhi",1499,4.6
OYO 5425 Hotel The Turquoise,"New Friends Colony, Mata Mandir Road, Delhi",1501,4.6
OYO 6188 Hotel Rossette,"Near Pizza Hut DB Gupta Road, DB Gupta Road, Delhi",1510,4.1
OYO 9570 Hotel Pulse Impulse,"Maharani Bagh, Delhi",1512,4.1
OYO 1140 Hotel La Vista,"Near Hanuman Mandir, Karol Bagh, Delhi",1537,New
OYO 4212 Hotel Vedas Heritage,"Near BLK Hospital, Karol Bagh, Delhi",1602,New
OYO 5114 Nagpal Palace,"East Patel nagar, Delhi",1447,3.8
OYO 2083 Hotel Blessings,"Near New Delhi Railway Station, Paharganj, Delhi",1462,3.8
OYO 2093 Home Stay Sargam Residency,"Dwarka, Delhi",1462,3.7
OYO 664 Hotel Tourist,"Opp. Railway Staff Building, Qutab Road, Ram Nagar, Delhi",1462,3.7
OYO 324 Hotel Colonels' Retreat,"Opp. CNG Pump, Dwarka, Delhi",1499,4.1
OYO 10938 Sheraton Grand,"Kapil Vihar 168 , Pitampura, Delhi",1503,4.1
OYO 466 Hotel Lotus B&B,"CR Park, Delhi",1511,4.5
OYO 362 Hotel J P Inn,"Behind Patel Nagar Metro Station, East Patel Nagar, Delhi",1537,4.5
OYO 6266 Royale Stay,"Near Kirti Nagar Sports Complex, Kirti Nagar, Delhi",1574,4.4
OYO 419 Hotel JPS Residency,"Near Karkarduma Metro Station, Anand Vihar, Delhi",1607,4.4
OYO 10316 Hotel Sun View International,"DB Gupta Marg, Karol Bagh, Delhi",1607,New
OYO 7208 Hotel Le Continental,"Opp. Paharganj Police Station, Paharganj, Delhi",1649,New
OYO 917 Hotel Green Lotus,"Kapashera Extension, Bijwasan Road, Delhi",1687,4.3
OYO 5401 Hotel Mid Town,"Opp. Bank of Barodra, Ajmal Khan Rd, Delhi",1696,4.3
OYO 575 Hotel Amaltas,"Opp. Sukhmani Hospital, Green Park Main, Delhi",1709,4.3
OYO 358 Hotel Golden Leaf,"Near AIIMS Trauma Center, Delhi",1755,4.3
OYO 365 Vishal Residency,"Next to Hotel Radisson, Near IGI Airport, Rangpuri, Delhi",1762,3.4
OYO 5486 Home Stay Prestige Apartments,"Next To Primary School, Satbari Chattarpur, Delhi",1799,3.4
OYO 498 Hotel Hari Piorko,"Near New Delhi Railway Station, Paharganj, Delhi",1837,4.0
OYO 3408 near AIIMS,"South Extension-ll, Delhi",1874,4.0
OYO 315 Hotel Tavern,"CV Raman Marg, Delhi",1649,4.2
OYO 2439 Home Stay Destiny House,"Kalkaji, Delhi",1649,4.2
OYO 1172 Hotel Swiss International,"East Patel Nagar, Delhi",1687,New
OYO 5387 Hotel Arihant Inn,"Near BLK Hospital, Channa Market, Karol Bagh, Delhi",1703,4.0
OYO 312 Hotel Aster Inn,"Karol Bagh, New Delhi, Delhi",1724,4.0
OYO 4914 Home Stay Little Hutt,"Behind HDFC Bank, Janakpuri West, Delhi",1762,4.4
OYO 355 Hotel River View,"Near Mughal Cusine, Abul Fazal Enclave, Jamia Nagar, Delhi",1799,4.4
OYO 487 Rajendra Place,"Karol Bagh, Delhi",1837,3.2
OYO 9553 Hotel Kings Plaza,"Jasola Vihar, Delhi",1842,3.2
OYO 6337 near Jama Masjid,"Near Jain Senior Sec. School, Daryaganj, Delhi",1874,3.4
OYO 729 Vasant Kunj,"Near Fortis Hospital, Vasant Kunj, Delhi",1874,New
OYO 11611 Royal Palace Inn,"Rohtak Rd, A1 Block Paschim Vihar, Block A, Delhi",1901,New
OYO 377 Hotel Excellent,"Near Chirag Delhi flyover adjoining BRT Road, Gk 2, Delhi",1912,3.9
OYO 462 Hotel Pooja Palace,"Near Puja Park, Karol Bagh, Delhi",1912,3.9
OYO 10327 The K Hotel,"Aruna Asaf Ali Marg, Opp Fortis Hospital Vasant Kunj, Delhi, Delhi",1929,3.9
OYO 397 Hotel RR Residency,"Pankha Road, Dabri Mor, Delhi",1949,3.9
OYO 7593 The ICS Hotel,"Opp. Jamia Police Station, Okhla, Delhi",1949,4.3
OYO 5415 Hotel Singh Empire Dx,"D.B. Gupta Road, Paharganj, Delhi",1987,4.3
OYO 2744 YWCA International Guest House,"Near Jantar Mantar, Connaught Place, Delhi",2024,New
OYO 1634 Hotel Uppal International,"Pahar Ganj, Delhi",2024,New
OYO 5244 Galaxy Rooms,"Dwarka Palam Road, Delhi",1876,3.6
OYO 5172 Hotel Aura,"A Block, N.H.8, Mahipalpur New, Delhi",1912,3.6
OYO 3090 Home Stay Nilachal House,"South Extension - 1, Delhi",1912,3.6
OYO 1904 Hotel Rangoli,"Near Rajendra Place Round Circle, East Patel Nagar, Delhi",1912,3.6
OYO 9011 Mahipalpur,"Opposite Indra Gandhi International Airport, Mahipalpur Extension, NH-8, Delhi",1949,3.9
OYO 548 Hotel Indira International Inn,"Masoodpur Vasant Kunj, Delhi",1949,3.9
OYO 11003 Lemon Grass Residency,"CR Park Main Road, Delhi",1957,3.8
OYO 483 Home Stay The Rubber Tree,"Near N Block, Greater Kailash-1, Delhi",2024,3.8
OYO 4818 Home Stay Vasant Kunj,"Near Fortis Hospital, Shanti Kunj, Delhi",2024,3.5
OYO 1245 Hotel Amby Inn,"Near Lajpat Nagar Central Market, Lajpat Nagar, Delhi",2036,3.5
OYO 11201 Near Bhikaji Cama Place,"Opp. Bhikaji Cama Palace, Delhi",2036,New
OYO 329 Hotel C-Park Inn,"Nai Walan, Karol Bagh, Delhi",2062,New
OYO 2477 Hotel Hari Piorko Inn,"Near New Delhi Railway Station, Paharganj, Delhi",2099,3.6
OYO 9377 Prakash Continental,"Next to prem badi pool, Delhi",2143,3.6
OYO 1768 Home Stay The Divine Home,"Near Lotus Temple, East of Kailash, Delhi",2174,New
OYO 8730 Hotel Metro Heights,"West Extension Area, Karol Bagh, Delhi",2174,New
OYO 12532 Hotel Broadway Inn,"Nehru Enclave, Opposite Modi Tower, Nehru Place, Block C, Delhi",2245,New
OYO 444 Hotel Venus,"Mahipalpur Extn, Near Airport, National Highway -8, Delhi",2249,New
OYO 530 Hotel Azhan Residency,"Hazrat Nizamuddin West, Delhi",2287,3.6
OYO 1925 Hotel Inn Tawang,"Near Karol Bagh Metro, Karol Bagh, Delhi",2324,3.6
OYO 638 Hotel Maharaja Residency,"Laxmi Nagar, Delhi",2062,New
OYO 634 Hotel Shanti Palace,"Behind Shadipur Metro Station, West Patel Nagar, Delhi",2099,New
OYO 1958 Rajouri Garden,"Opp.Vishal Cinema, Rajouri Garden, Delhi",2137,New
OYO 11690 Hotel Viva Palace,"Block-F, Mahipalpur Village, Delhi",2143,New
OYO 1225 Sam Surya Hotel,"Opp. Rajouri Garden Community Center, Rajouri Garden, Delhi",2174,New
OYO 3226 Hotel FFour,"Near Kailash Colony Metro, East Of Kailash, Delhi",2212,New
OYO 3863 Iris,"Opp. Desh Bandhu College, Kalkaji, Delhi",2249,4.0
OYO 445 Impress Hotel,"Khasara No.395, Vasant Kunj Road, Mahipalpur, Delhi",2287,4.0
OYO 5198 Hotel HCGrand,"Near Sanjeevni Hospital, Jasola, Delhi",2324,New
OYO 561 Swathi Hotel,"Near Paschim Vihar East Metro Station, Rohtak Road, Delhi",2324,New
OYO Flagship 591 Safdarjung Enclave,"Safdarjung Development Area, Near SDA Market , Delhi",2329,New
OYO 1056 Mahipalpur,"NH 8, Mahipalpur Extension, Mahipalpur, Delhi",2362,New
OYO 528 Hotel Neptune Residency,"Bhera Enclave, Delhi",2362,4.5
OYO 4051 La Sapphire,"NH8, Mahipalpur, Delhi",2437,4.5
OYO 3862 Home Stay Sai Villa,"Greater Kailash II, Delhi",2474,4.5
OYO 8248 Hotel Shanti Plaza,"Arakashan Road, Paharganj, Delhi",2500,4.5
OYO 559 Hotel Kastor International,"Outer Ring Road, Delhi",2512,New
OYO 307 Mahipalpur,"Mahipalpur, NH -8, Near IGI Airport, Delhi Gurgaon Expy, Block RZ, Mahipalpur Village, Delhi",2587,New
OYO 887 Hotel Star,"NH 8, Near IGI Airport Road No. 1, Mahipalpur Extension, Delhi",2587,New
OYO 626 Hotel Shubham Vilas,"Opp. TDI Mall, Rajouri Garden, Rajouri Garden, Delhi",2587,New
OYO 403 Hotel Sisley The Boutique,"Near HDFC Bank, Karol Bagh Police Station, Desh Bandhu Gupta Road, Delhi",2350,3.3
OYO 507 Megha Home Stay,"Jangpura Extension, Delhi",2362,3.3
OYO 3558 Hotel Le Grand,"Beside Bandhan Bank, Kalkaji Branch, Delhi",2368,New
OYO 1185 Hotel MSK residency,"Opp. CNG Pump, Dwarka, Delhi",2437,New
OYO 5039 S K Crown Park,"Near Kapashera Police Station Red Light, Kapashera, Delhi",2474,4.0
OYO 9272 Hotel South View,"Chirag Enclave, Opposite Nehru Place, Delhi",2506,4.0
OYO 5491 Residency Resorts,"Rao Tula Ram Marg, Delhi",2512,New
OYO 1991 The Beaufort Inn,"Jangpura, Delhi",2587,New
OYO 550 Hotel Aura Grand Residency,"Near Karkardoma Metro Station, Jagriti Enclave, Delhi",2587,New
OYO 13451 Star Corporate Avenue,"Africa Ave, Block A 2, , Nauroji Nagar, Safdarjung Enclave, Delhi",2599,New
OYO Townhouse 013 New Friends Colony,"New Friends Colony, Delhi",2599,New
OYO 5324 Jrd Luxury Boutique Hotel,"Near Sukhmani Hospital, Safdarjung Enclave, Delhi",2624,New
OYO 5591 Saket,"Near Neelu Angels Hospital, Saket, Delhi",2699,4.7
OYO 527 Hotel Le Cadre,"Near Kailash Colony Metro, East Of Kailash, Delhi",2774,4.7
OYO 440 Hotel The BMK,"Near Nehru Place, Delhi",2799,4.7
OYO 1308 Hotel Shuhul Continental,"Opp. Sapna Cinema, East of Kailash, Delhi",2799,4.7
OYO 547 Dwarka,"Opp. Bikaner Sweets, Dwarka, Delhi",2799,New
OYO 9536 Bee For Home Stay,"Safdarjung Enclave, Delhi",2799,New
OYO 3176 Ambica Palace,"Near AIIMS Metro Station, Safdarjung Enclave, Delhi",3161,New
OYO 1642 Hotel Diplomat Residency,"Lajpat Nagar 3, Delhi",3161,New
OYO 844 Hotel Waves,"Mahipalpur, NH-8, Near IGI Airport, Delhi",2624,New
OYO 5271 Hotel Shhaurya,"Opp. ISKCON Temple, Sector 13, Dwarka, Delhi",2699,New
OYO 6029 Hotel Royal Star,"Near Dwarka Sector 10 Metro Station, Sector 10, Dwarka, Delhi",2699,New
OYO 2637 Hotel Picasso Prive,"Opp. Maruti Sales & Service, Naraina, Naraina Vihar, Delhi",2799,New
OYO 6183 Tara Palace,"Opposite Happy School, Daryaganj, Delhi",2799,New
OYO 5207 Hotel Le Traventino,"Opp. Sukhmani Hospital, 4&5, Green Park, Delhi",2799,New
OYO 1541 Hotel The JK Residency,"C. R. Park, Delhi",2799,New
OYO 1683 Hotel Chirag Residency,"Opp. Paras Cinema, Greater Kailash 1, Delhi",2799,4.0
OYO 631 Hotel Oscar,"Near Aurobindo Market, Safdarjung Development Area, Delhi",3161,4.0
OYO 3451 Le Seasons,"Near Mahipalpur Red Light, Mahipalpur Extension, Delhi",3161,4.4
OYO 349 Hotel Emblem,"CV Raman Marg, New Friends Colony, Delhi",3161,New
OYO 5155 Home Stay Bansi Kunj,"Opp. J&K Bank, Greater Kailash 1, Delhi",3161,New
OYO 4258 Hari's Court Inns & Hotels,"Besides IBIS Hospital, Ring Road, Delhi",3299,3.9
OYO 5954 Hotel L'affaire,"Gurudwara Road, Opposite Jessa Ram Hospital, Delhi",3337,3.9
OYO 8283 Hotel Clark International,"Near Gaggar Market, Saraswati Marg, Karol Bagh, Delhi",3374,New
OYO 801 Hotel Africa Avenue,"Near Gargi College Anand Lok, Anand Lok, Delhi",3524,New
OYO 1201 Madhuban Hotel,"Opp. Hdfc Bank, Greater Kailash 1, Delhi",3674,New
OYO 2365 Hotel Africa Avenue,"Near New Delhi Railway Station, Greater Kailash 1, Delhi",3787,New
OYO 5960 Home Stay AnM Pitampura,"Near Kohat Metro Station, Delhi",3787,New
OYO 5178 Mystique Melange,"Phase 2, Ashok Vihar, New Delhi, Delhi",4199,New
OYO 529 Hotel MSK Residency,"Opp. Shri Makhan, Dwarka, Delhi",3161,New
OYO 6367 Palm Springs Hotel,"Behind PVR Naraina, Naraina Phase 1, Delhi",3262,New
OYO 5560 Oodles Residency,"Nehru Place, Delhi",3337,3.9
OYO 3456 Amara Hotel,"Opp. Dunkin Donuts, Hans Raj Gupta Marg, Greater Kailash -1, Delhi",3337,3.9
OYO 5246 H Carlton Hotel,"Chandan Hola, Delhi",3374,New
OYO 585 Home Stay B&B Tree of life,"Saket, Delhi",3599,New
OYO 1445 Hotel Jasmine Boutique,"Beside Oriental Bank, Jasola Branch, Delhi",3787,New
OYO 4918 Ivory 32,"Greater Kailash 1, Delhi",3787,New
OYO Townhouse 008 Greater Kailash,"Greater Kailash-I, Delhi",4095,New
OYO 2678 Ashok Country Resort,"Near Rajokri Air Force Station, Kapashera, Delhi",4237,New
OYO 3593 Fragrance Habitat,"Near Sapphire International School, Sector 70, Noida","597
",New
OYO 10128 Silver INN,"Sector 52 noida near antriksh apartments , Noida","561
",New
OYO 8205 Hotel Petals Inn,"Behind Sleepwell Showroom, Sector 66, Noida","561
",4.4
OYO 8907 The Nest,"Near Holy Public School, Greater Noida, Noida","576
",4.4
OYO 9530 Hotel Naval Residency,"Sector 41, Noida","597
",4.4
OYO 9641 Sector 71,"Block A Sector 71, Noida","624
",4.4
OYO 10172 Intown Residency,"Sector-72, Noida","639
",New
OYO 11361 Hotel Park Residency,"Sector 51, Noida","723
",4.3
OYO Flagship 238 Noida Sector 72,"Sector 72, Noida","751
",4.3
OYO 9025 Viditva 1,"Opp. Family Medicare Hospital, Sec 66, Sector-66, Noida","753
",4.3
OYO 11926 OOAK Hotel,"12th street Near landmark school Sigma 1 Greater Noida, Noida","561
",4.3
OYO 2807 Hotel Crosswinds Residency,"Sector 71, Noida","597
",New
OYO 9915 Sector 46,"Sector 46, Noida, Noida","612
",4.3
OYO Flagship 236 Sector 49,"Sector 49, Noida","751
",4.3
OYO 13403 petals elite,"D 72 sector 47, Noida","579
",4.3
OYO 10759 Hotel Golden Nest,"Sec 52, Noida","609
",4.3
OYO 11050 Diamond Nest,"Street Number 8, Sector 66, Noida","634
",4.2
OYO 9073 RN 32,"Sector 62, Noida","714
",4.2
OYO 11416 Hotel SAAN & Banquets,"MamuraSector-66, Noida","726
",4.4
OYO Flagship 237 Sector 41,"Sector 41, Noida","751
",4.4
OYO 10662 Hotel Akash Palace,"Block D, Sector 51, Noida","760
",New
OYO 8500 Premium Corporate Suites,"Near Sapphire International School, Sector-70, Noida","802
",New
OYO 11520 Galaxy Paradise,"Sector 108, Noida","807
",4.5
OYO 9068 Hotel Green View,"Near Sarla Chopra School, Sec. 56, Noida","816
",4.5
OYO 9339 Terrene Empire,"Sector 63, Noida","856
",4.5
OYO 13046 The City Hospitality,"CH-22 near sapphire international school sector 70 , Noida","856
",4.5
OYO 10663 Triage Home Stay,"Sector 62, Noida","856
",4.4
OYO 441 Hotel Mascot,"Sector 72, Noida","856
",4.4
OYO 11521 Homestead Stay,"Block B, Sector 62, Noida","856
",4.5
OYO 404 Hotel BlueBell,"Near IIMT College, Pari Chowk, Noida","856
",4.5
OYO 9222 Viditva 2,"Sector 49, Noida","766
",4.4
OYO 9340 Aanandam Villa,"Sector 46, Noida","804
",4.4
OYO 9935 Hotel The Mango House,"Near Jaypee Wish Town, Noida.","808
",4.6
OYO 9338 Hotel InTown,"Sector 62, Noida","834
",4.6
OYO 12722 B K House,"D182 , Sector-51, Noida","856
",4.9
OYO 6343 Hotel City Rooms Greater Noida,"Opp. Aaj Enterprise, Greater Noida, Noida","856
",4.9
OYO 8507 Stardust Residency,"Sector 48, Sector-48, Noida","856
",4.2
OYO 12424 Diamond Castle,"M Block, Sector 66, Noida","856
",4.2
OYO 10664 Aone INN,"Sector-122, Noida","856
",4.4
OYO 11495 Mehta Guest House,"Sector 105, Noida","856
",4.4
OYO 9962 Mascot Residency,"Sec. 51, Near kidszee School, Noida","856
",New
OYO 8447 Cosy Tree,"Near FORTIS, Angel Nest Apartment, Sec. 62, Noida","856
",New
OYO 9069 Hotel WP 13,"Sector 71, Noida","856
",4.4
OYO 556 Hotel AVP Guest House,"Sector 51, Noida","856
",4.4
OYO 9948 Hotel Apple Pie,"Sector 30, Noida","856
",4.4
OYO 7785 Kumar Residency,"Plot No. BR-41, Sector-45, Noida","857
",4.4
OYO 6226 Mascot Neo,"Sector-72, Noida","857
",4.3
OYO 10667 Prakash Guest House,"Sector-11, Opposite HCL, Near Shiv Mandir, Jhundpura, Jhundpura, Jhundpura Village, Sector 11, Noida","862
",4.3
OYO 12502 City Hotel,"C-Block , Sector-71, Noida","865
",4.7
OYO 9708 Sector 71,"Sector 71, Noida","870
",4.7
OYO 9074 Mascot Treo,"Sector 49, Noida","856
",4.6
OYO 5470 Atithi Residence,"Near Pari Chowk, Greater Noida, Noida","856
",4.6
OYO 457 Hotel Mittal Residency,"Sec. 55, Maithli Marg, Noida","856
",4.4
OYO 13194 The Heaven Inn,"N15, Delta III, Greater Noida, Uttar, Noida","856
",4.4
OYO 641 Hotel Nityas Residency,"Near State Bank Of India, Sector 50, Noida","857
",4.4
OYO 6340 Glorify Stay 3,"Gejha Road, Near Yatharth Wellness Hospital, Bhangel, Noida","857
",4.4
OYO 5743 Zineb,"Sector-122, Noida","862
",New
OYO 13195 The Abodes Guest house,"CC-31, Block C, Ansal Golf Links 1, Block C, Noida","864
",4.3
OYO 10810 Sangvi Palace,"33/2D, Knowledge Park 3, Noida","869
",4.3
OYO 2895 Cosy Tree Rooms,"Sector 62, Noida","881
",4.4
OYO 9192 Hotel Raghav Residency,"Sector 105, Noida","886
",New
OYO 311 City Stay Hotel,"Opp. GIC College, Sec. 22, DND Road, Noida","889
",New
OYO 10361 Hotel Stay @ 23,"Sector 23, Noida","890
",4.2
OYO 9527 Hotel Mascot Quattro,"Sector 50, Noida","893
",4.2
OYO 8764 Hotel Green View Palace,"Sector 62, Noida","923
",4.2
OYO 9341 Mascot Pentazz,"Sector 108, Noida","932
",4.2
OYO 9072 Noida Dreamz,"Near Mother Dairy, Sector 46, Noida","964
",4.5
OYO 11925 Krishna 26,"b8 sec 26, Noida","990
",4.5
OYO 709 Hotel Cross Winds,"Near B Block Market, Sec. 62, Noida",999,New
OYO 9076 Absin Hospitality 2,"Gamma 1, Greater Noida, Noida",999,4.2
OYO 12677 Vinayak Royal Palace,"c block bh 165 sec 71 noida, Noida","889
",4.2
OYO 11871 Mascot Sizzle,"A/5 sec 55 noida, Noida","890
",4.4
OYO 12774 Akash Residency,"Sector 108, Noida","891
",4.4
OYO 708 Hotel Sanjeevni,"Sector 34, Noida","911
",4.0
OYO 10806 Sector 50,"Sector 50, Noida","931
",4.0
OYO 1450 Hotel Ashray,"Near Canara Bank, Sector 43, Noida","942
",4.4
OYO 8876 Hotel Sarthi,"Near Kanchanga Market, Block A Community Center, Noida","974
",4.4
OYO 8438 DSR Residency,"Sector-108, Noida","993
",4.5
OYO 9841 The Vivir 1,"Near R.K Public School, Sector-66, Noida",999,4.5
OYO 8931 Noida Stay,"Near Noida Spice Mall, Sector 31, Noida",999,4.6
OYO 8910 Celeste Inn,"Near Awana Complex, Greater Noida, Noida",999,New
OYO 10177 A Gulshan Continental,"E 147 sector 20 main road near diviksha eye clinic, Noida",999,New
OYO Flagship 273 Noida Expressway SEZ,"Block C, Sector 61, Noida",1201,4.4
OYO 12784 Hotel Roomers,"AK Plaza, 1st Floor Main Jagat Farm Market, Block E, Chandila, Gamma 1, Greater Noida, Noida",1201,4.4
OYO 5574 Cosy Tree Inn,"Near Max Hospital, Sector 19, Sector 19, Noida",1201,4.4
OYO 5179 Hotel Noida International,"Opp. Mercedes Showroom, Sec 11, Main Road, Noida",1232,4.4
OYO 8430 Absin Hospitality,"Alpha-1, Greater Noida, Noida",1325,4.4
OYO Flagship 184 Spice Mall,"Sector 26, Noida",1360,4.4
OYO 10666 Sector 15,"Sector 15, Above Union Bank, Noida",1521,4.2
OYO 13435 Atithi Suites,"C34, Knowledge Park III. Near IIMT, Noida",1714,4.2
OYO Flagship 136 Sector 45 Noida,"Sector 45, Noida",999,3.4
OYO 9071 Mascot Residency,"Opp. Kailash Hospital, Sector 26, Noida",999,3.4
OYO 9601 Hotel Sunshine Residency Castle,"Sector-71, Noida",1201,4.4
OYO 2290 Hotel Cosy Tree,"Near Amarpali Sapphire, Sector 44, Noida",1201,4.4
OYO 10665 Sector 20,"Sector 20, Noida",1214,4.3
OYO 10661 DSR Classic,"Near Mother Diary, Block H, Sector 12, Noida",1314,4.3
OYO 380 Hotel Atithee Residency,"C-79, Sector 30, Noida",1350,4.4
OYO 9223 near Atta Market,"Sector 19, Noida",1423,4.4
OYO 2806 Celeste Residency,"Delhi Police Housing Society, Sector Pi - 1 Greater Noida, Noida",1649,4.5
OYO 7101 Crystal Residency,"Delhi Police Housing Society, Greater Noida, Noida",1724,4.5
OYO Townhouse 028 Corporate Suite,"Sector 62, Noida",1759,New
OYO Townhouse 004 Sector 51 Noida,"Sector 51, Noida",1999,New
OYO 10113 Hotel New Corporate Residency,"Vyapar Marg, Buddh Vihar, Block I, Sector 12, Metro Hopistal , Noida","815
",4.3
OYO 11362 Sky Residency,"Gate No 1, Sec108, Noida","856
",4.3
OYO 270 Home Stay Inn,"Sector -70, Noida","856
",4.3
OYO 4029 Cosy Tree Rooms,"Opp. Indo Gulf Hospital, Sector 27, Noida","936
",4.3
OYO 598 Hotel B K House,"Sector 51, Noida",1201,4.7
OYO 11872 Heaven Inn,"A195 sec 43 , Noida",1307,4.7
OYO 4644 Stay@Bh203,"Sector 70, Noida",1312,4.3
OYO 402 Hotel Noida Residency,"Near ONGC Building, Sector 39, Noida",1344,4.3
OYO 1062 Sector 2,"Near Noida Sector 15 Metro Station, Sector 2, Noida",1789,4.5
OYO 9075 Petals Inn,"Sector 51, Noida","660
",4.5
OYO 9705 Hotel Paradise Residency,"Sector 93A, Noida","822
",3.9
OYO 10669 Hotel Comfort Stay Inn,"Sector 108, Noida","856
",3.9
OYO 9588 Sector 46,"Sector 46, Noida","881
",4.3
OYO Flagship 144 Noida Expressway NSEZ,"A Block, Sector 92, Noida","960
",4.3
OYO Flagship 140 Noida Expressway Boulevard,"D Block, Sector 47, Noida",1299,4.4
OYO 11533 Hotel Green view,"Sector 72, Noida",1309,4.4
OYO 11752 Divine Residency,"c24 Sector 61, Noida",1324,New
OYO 11392 Hotel NCR Hospitality,"Main Dadri Road, Noida",1403,4.9
OYO 9382 Aashiyana Paradise,"Sector 57, Near Artemis Hospital, Gurgaon","672
",New
OYO 11556 Om Guest house,"Sector-39, Gurgaon","723
",New
OYO 6574 Sector 44,"Behind DPS, Sector 45, Gurgaon","729
",4.3
OYO 9299 DLF Phase 4,"DLF Phase 1, Gurgaon","740
",4.3
OYO 12534 Bud Rooms,"sector 51, Opp Amity Int. School, Gurgaon","750
",4.3
OYO 8110 Nstay 31,"Near Jharsa Chowk Gurgaon, Sector-31, Gurgaon","750
",4.3
OYO 12314 Hotel City View,"Opp. Wazirabad Petrol pump, Sector 57, Shushant Lok-3, Gurugram, Gurgaon","750
",3.9
OYO 10581 DLF Phase 3,"V block, DLF phase 3, Gurgaon","750
",3.9
OYO 10071 Sector 44,"Sector 45, Gurgaon","750
",4.5
OYO 8337 DLF Phase 4,"Inside Garden Villas Apartment, DLF Phase 4, Gurgaon","750
",4.5
OYO 6558 SD Royal Inn,"DLF Phase1, Near Silver Oaks, Gurgaon","702
",4.5
OYO 4228 Heritage Regency,"Near Jain Hospital, Sector 46, Gurgaon","700
",4.5
OYO 12032 Eshnaya,"601/38, Gurgaon","708
",4.4
OYO 677 Hotel NK Residency,"Behind OBC Bank , Sector 45, Gurgaon","738
",4.4
OYO 6812 Aruma Residency,"Opp. Ardee City Gate-3, Sector 52, Gurgaon","750
",4.5
OYO 7526 near Artemis Hospital,"Sector 45, Gate No. 2, Gurgaon","750
",4.5
OYO 8849 Pacific Inn,"Behind DPS, Sector 45 , Gurgaon","750
",New
OYO 10119 Sector 31,"Sector 31, Gurgaon","750
",4.3
OYO 10057 Hotel Laksh Residency,"South City 1, Behind Signature Towers, Gurgaon","750
",4.3
OYO 11911 Go rooms,"sector 45, Gurgaon","750
",4.2
OYO 8536 Azad Square,"Opp. MCG Office, Sector 39, Gurgaon","750
",New
OYO 6602 Home Stay Jannat Residency,"Sector 38, Gurgaon","750
",New
OYO 10020 Aruma Residency,"Sector 42, Plot 654, Gurgaon","750
",4.6
OYO 12194 JM Residency,"1639A Sector 46, Gurgaon","750
",4.6
OYO 302 Maple Green,"Near Shakti Peeth Mandir, Part 1, Gurgaon","752
",4.6
OYO 567 Hotel Lime Tree Hospitality,"1991, Opposite Ramada Hotel, Sector 45, Gurgaon","754
",4.6
OYO 8261 near Artemis Hospital,"Sector 45, Gurgaon","760
",4.2
OYO 11434 Shweta INN,"Q Block, South City I, Gurgaon","762
",4.2
OYO 11559 Sai Villa,"100-P, South City 1, Sector 41, Gurgaon","764
",4.4
OYO 6495 Hotel Eden Greens,"Near Shakti Peeth Temple, Sector 41, Gurgaon","769
",4.4
OYO 9012 Hotel Dream View,"Near Axis Bank ATM, Rajiv Colony, Gurgaon","750
",4.0
OYO 10250 Elevate Residency,"Golf Course Road, Sector 54, near Vatika Towers, Suncity, Sector 54, Gurgaon","750
",4.0
OYO 10584 Hotel Just Stay,"Heritage City, Sector 25, Gurgaon","750
",4.7
OYO 8914 Hotel Ambrosia,"Near Community Centre, Sector 47, Gurgaon","750
",4.7
OYO 13051 Shanti Villa,"4P, sector 41, Near Shakti Peeth Mandir, Gurgaon","753
",4.3
OYO 10889 Hotel Green Residency,"Sector 39, Near Unitech Cyber Park, Gurgaon","757
",4.3
OYO 10171 Hotel Krishna Inn,"Golf Course Road, Block F, DLF Phase 1, Sector 26A, Gurgaon","762
",New
OYO 12763 KD Residency,"222, Near Bhakhtawar Chowk, Gurgaon","763
",4.5
OYO 9994 Summer Homez,"Near Huda Metro Station, Gurgaon","767
",4.5
OYO 11383 Hotel Go Rooms,"Saraswati Kunj, Golf Course Road, Gurgaon","772
",New
OYO 6895 Hotel Cybercity Rooms & Suites,"Near Shani Dev Mandir , DLF Phase 3, Gurgaon","778
",New
OYO 9298 Hotel Sands Inn,"Near HUDA Market, Sector 56, Gurgaon","782
",New
OYO 8451 Shivam Residencies,"Near Arjun Marg Shopping Complex, DLF Phase 1, Gurgaon","784
",4.2
OYO 2797 Hotel Shalom Residency,"Near Jalsa Restaurant & Union Bank (Sec 27 branch), Gurgaon","785
",4.2
OYO 7530 Sector 57,"Sector 57, Gurgaon","805
",4.2
OYO Flagship 533 Near Guru Dronacharya,"S Block, DLF Phase 3, Gurgaon","841
",4.2
OYO 8240 Golden Park Palam Vihar,"Near Ansal Corporate Plaza, Palam Vihar Road, Gurgaon","853
",4.2
OYO 11656 Shivam Residencies,"Nathupur Road , Gurgaon","855
",4.2
OYO 6575 Shivaay Residency,"Near Fauji Dhabha, Sector 54, Golf Course Road, Gurgaon","856
",4.1
OYO 8971 Sector 45,"Sector 45, Gurgaon","857
",4.1
OYO 9380 near Artemis Hospital,"Sector 52, Opposite Artemis Hospital, Gurgaon","781
",4.4
OYO 12074 Emaar Residency,"334, sector 45, Gurgaon","783
",4.4
OYO 309 Hotel HKS Residency,"Near Mayom Hospital, South City-1, Gurgaon","784
",4.4
OYO 9587 The Royal Crowne,"near I Lodge, South City 1, Gurgaon","795
",4.4
OYO 10025 Hotel City Flora Inn,"Sector 20, Gurugram, Gurgaon","817
",4.3
OYO Flagship 532 Sikanderpur Metro Station,"Kusum Marg, DLF Phase 1, Sector 26, Gurgaon","844
",4.3
OYO 405 near Artemis Hospital,"Near Ardee City Gate-3, Sector 52, Gurgaon","855
",4.6
OYO 9581 Green Residency,"sector-47, Near Bakhtawar Chowk, Sohna Road, Gurgaon","855
",4.6
OYO 2245 Sector 21,"Sector 21, Gurgaon","856
",New
OYO 8947 Hotel Vedanta,"Behind Medanta Hospital, Sector 38, Gurgaon","857
",4.5
OYO 1639 Hotel Anand Hospitalities,"Sector 56, Gurgaon","857
",New
OYO 11606 Hotel Diplomat Residency,"Sector-38, Near Medanta, Gurgaon","873
",New
OYO 10965 Emblem Hotel,"Khandsa, Opp. Sector 10A, Near Hero Honda Chowk, Gurgaon","876
",4.4
OYO 6835 Green Residency,"Sector 31, Gurgaon","879
",4.4
OYO 5528 DLF Phase 4,"Near Sushant Lok Police Station, Sushant Lok Phase 1, Gurgaon","880
",4.4
OYO Flagship 441 Medanta,"P Block, Sector 38, Gurgaon","886
",4.4
OYO 11600 Hotel Cosy Tree,"V34/7, DLF Phase 3, Gurgaon","894
",4.1
OYO 10928 Krishna Kunj,"Sector 45, Gurgaon","895
",4.1
OYO 9024 Sector 31,"Near Medanta, Sector 31 Market, Gurgaon.","911
",4.5
OYO 6589 Shubhdeep Aashiyana,"DLF Phase 2, Gurgaon","922
",4.5
OYO 389 Hotel Vaishnoi Inn,"Near Pushpanjali Hospital, Civil Lines, Gurgaon","868
",4.5
OYO 4814 Nstay 46,"Behind Amity International School, Sector 46, Gurgaon","874
",4.5
OYO 9664 Sector 48,"Vipul World, Sector - 48, Gurgaon","876
",New
OYO 10585 Hotel Shubhdeep Aashiyana 2,"DLF Phase 2, Sector 25, Gurgaon","880
",4.8
OYO 301 Hotel Mulberry Retreat,"Sector- 57, Gurgaon","883
",4.8
OYO 9899 Hotel Palm Tree,"Palam Vihar, Gurgaon","891
",New
OYO 8317 Sector 31,"Near Jharsa Chowk, Sector 31, Gurgaon","895
",4.6
OYO 8927 US Executive Suites,"Behind LIC Building, Dayanand Colony, Gurgaon","906
",4.6
OYO 3662 Galaxxy Inn,"Plot No. J-4 - 22, DLF Phase - II, Gurgaon","911
",4.5
OYO Flagship 5912 Premium Near Sikanderpur,"DLF Phase 1, Kusum Marg, Sector 26, Gurgaon","923
",4.5
OYO 6603 Hotel Green Residency 2,"Sector 31, Jharsa Road, Gurgaon","924
",New
OYO 10877 Hotel R K Residency,"Behind Bikaner Mishthan Bhandar, Gurgaon","939
",New
OYO 9612 Hotel Royal Ramiro,"Near Basement market, U block, Gurgaon","961
",4.5
OYO 306 Hotel Staayy Inn,"Sector 27, Gurgaon","964
",4.5
OYO 11044 Hotel Tulip Suites,"Nathupur Rd, Nathupur, Sector 24, Gurgaon","973
",4.5
OYO 11004 Heritage India Residency,"Near Artemis Hospital, Ardee City Gate No 3, Gurgaon","978
",4.5
OYO Flagship 516 Unitech Cyber Park,"Sector 46, Gurgaon",999,4.5
OYO 386 Hotel Lotus Panache,"84, Behind Bata Building, Near MDI, Sector-17A, Gurgaon",999,4.5
OYO Flagship 520 MG Road Metro Station,"L Block, DLF Phase 2, Gurgaon",999,4.5
OYO 9176 Aambson View,"Akashneem Marg, Gurgaon",999,4.5
OYO 10200 Hotel The Aroma Residency,"Plot 18 Huda Sector 47, Gurgaon","925
",4.2
OYO 9663 Hotel Shivam Residencies 1,"Arjun Marg Golf Course road, Gurgaon","946
",4.2
OYO 11451 Hotel Auston,"Sector 17C, Gurgaon","964
",4.5
OYO 10968 Hotel Almati 1,"DLF Phase 3, Near Shani Mandir, Gurgaon","967
",4.5
OYO 10748 Waves Guest House,"Old Delhi Rd, Opp. Payal Cinema, Near Atul Kataria Chowk, Sector 14,, Gurgaon","974
",4.2
OYO 9603 Sector 17,"Sector 17C, Gurgaon","991
",4.2
OYO 12471 SKS PREMIUM,"C Block, sushant lok-1, Near Vyapar Kendra Market, Gurgaon",999,4.5
OYO 6608 Sector 56,"Sector 56, Gurgaon",999,4.5
OYO 8822 Sector 31,"LIG Colony, Sector 31, Gurgaon",999,4.3
OYO 11381 Welcome Residency,"B284, Sushant Lok 1, Gurgaon",999,4.3
OYO 2482 K V Complex,"Behind Cyber City - DLF Phase 3, Gurgaon",999,New
OYO Flagship 423 Artemis Hospital,"H Block, Sushant Lok 3, Gurgaon",999,New
OYO 8465 near Sahara Mall,"Akashneem Marg, DLF Phase 2, Gurgaon",999,4.4
OYO 532 Hotel Alpine Park,"DLF phase 2, Gurgaon",999,4.4
OYO 8332 Branson Villa,"Plot No. 463, Sector 42, Gurgaon",999,4.4
OYO 6540 Tirupati Residency,"Sushant Lok 1 Near Paras Hospital, Gurgaon",999,4.4
OYO 9947 Ashiana Guest House,"K block, South City 1, Gurgaon",999,4.7
OYO 338 New Paradise,"Near Vishwas School, Sector 46, Gurgaon",999,4.7
OYO 429 Hotel Shubhdeep Ashiyana,"DLF Phase 2, Gurgaon",999,4.2
OYO 5919 near MG Road Metro Station,"DLF-II, Gurgaon",999,4.2
OYO 544 Hotel Rama Residency,"N 2-1, Near DLF Sqaure Building, Jacranda Marg, DLF Phase 2, Gurgaon",999,4.6
OYO 9300 Hotel Sufyan,"Arjun Marg Shopping Mall, Gurgaon",999,4.6
OYO 12477 DLF Phase 2,"M Block , Dlf Phase-2 , Near Nestle Tower  NH-8, Gurgaon",999,4.3
OYO 531 Hotel Cyber Inn,"Near Lotus Hospital, Prem Nagar, Gurgaon",999,4.3
OYO 6539 Home Stay Laxmi Villa,"Sohna Road, Sector - 49, Gurgaon",999,New
OYO 10257 Hotel Lotus Park,"Sector 55, Near Golf Course Road, Gurgaon",999,4.6
OYO 9997 Sohna Road,"Malibu Town, Sector 47, Gurugram, Haryana 122018, India, Gurgaon",999,4.6
OYO 326 Hotel Shubhdeep Aashiyana,"Near Delhi Public School, DLF Phase 2, Gurgaon",999,4.5
OYO 2384 Hotel Epic Inn,"Sector 49, Gurgaon",999,4.5
OYO Flagship 757 Sector 57,"Sector 57, Gurgaon",999,3.9
